name,phone,sex,age,target
钭听然,15589762610,男,28,浦龙观
籍嫣然,12736426597,女,52,山城江
卢松雨,14541428202,女,73,山城江
黎梓琬,12200185941,男,34,平岛罗
胡珉瑶,15082412435,男,70,港头郡
吕蓉华,15565274010,男,66,浦龙观
张苒苒,14641941719,男,47,平岛罗
蒙灵溪,13558760358,女,68,港头郡
周娴雅,17567564866,女,69,平岛罗
闻娇然,16854502526,男,32,山城江
沃笑柳,16117299894,男,26,浦龙观
高思娜,12360926936,男,77,山城江
彭齐敏,15622242149,男,53,山城江
钟安雁,15546877616,男,76,平岛罗
厉素昕,17876643583,男,55,山城江
晏闳丽,12558805973,男,46,浦龙观
暨冰冰,14578951022,女,50,平岛罗
逯雨晨,15944491792,男,24,平岛罗
冯逸丽,13208795416,男,33,港头郡
史念薇,12955219746,男,38,平岛罗
郗舒扬,14266743736,女,80,港头郡
隗雪蓉,13295173542,女,40,浦龙观
邹子薇,16434245122,女,58,港头郡
陆雪柳,17163850780,男,56,平岛罗
菱闲华,13221454967,女,60,港头郡
芮秀洁,15335905459,女,39,浦龙观
蔚傲丝,12055315464,女,72,灵安
田惜天,12615147113,男,31,港头郡
桓昊怡,13919377630,男,27,港头郡
农可心,14614974328,男,44,石中
咸三姗,13342140229,男,25,灵安
金婵娟,13530510232,男,74,港头郡
容静秀,14414970564,男,35,平岛罗
阎梵听,15597340435,男,29,灵安
周春妤,14130451773,男,49,灵安
仰云心,16718034884,男,30,石中
周梦凡,13890781949,男,21,灵安
范听荷,12877037738,女,51,石中
钱运珊,16129683462,女,78,石中
巢翠风,11918358999,男,61,平岛罗
曾晓筠,11916004968,女,41,定怀峰
禄妍和,17029546514,女,37,灵安
邰吉敏,17014415749,女,22,浦龙观
罗绮云,15907273148,女,65,定怀峰
祖思宸,16032296695,男,48,港头郡
景霏霏,13088806348,女,54,浦龙观
寿庭酪,16352471837,女,20,港头郡
堵莹琇,13911714145,男,45,定怀峰
慕秀越,12334577442,男,62,灵安
逯静曼,15665766161,女,71,定怀峰
孔元香,14584575511,女,46,平岛罗
赖冰珍,14765512860,女,58,石中
朱娅童,16922086809,男,21,石中
甄紫凝,11911666706,女,74,浦龙观
丽鹤,16971309183,男,72,港头郡
柔钰,16555611308,男,26,港头郡
漫函,14411660433,男,52,浦龙观
钰琪,13055878558,男,78,港头郡
萱婷,16854209946,男,48,定怀峰
心梅,14078718860,男,42,港头郡
灵凡,12267935967,男,56,港头郡
琬欣,12733943408,男,41,平岛罗
弦梦,17447755180,男,64,港头郡
静玲,14955490759,女,43,港头郡
歆月,16449026195,女,75,港头郡
隆芝芳,16936973903,女,24,石中
顾玲玉,16572170207,女,68,石中
终婷旭,12426532006,男,65,浦龙观
双冰蓝,16964386909,男,70,石中
申布凡,12726374419,男,34,石中
厉语诗,17889270227,女,55,平岛罗
夏若烟,16136449508,男,40,石中
漫鑫,16438698703,女,22,平岛罗
慧梅,17951824714,女,31,石中
玲媛,14875660091,男,69,平岛罗
蕾花,17171535540,男,73,平岛罗
梅碧,16333573447,女,32,石中
洲茹,14086714402,女,80,山城江
倩钰,15942328712,男,30,山城江
惠雪,13290005946,男,47,石中
楠萱,12038154419,男,60,山城江
琪琪,13796003882,女,27,山城江
钰霞,18020984212,女,57,石中
倩呈,13505315793,女,62,灵安
玥琬,17500683504,女,53,灵安
花颖,12783875492,男,39,石中
玥栀,13547865378,女,36,平岛罗
束雨琴,12375256906,男,33,山城江
贾静恬,15687781883,女,45,平岛罗
师风间,15000044988,女,49,山城江
赖佳惠,14370058689,女,44,定怀峰
糜金文,16507906602,女,54,石中
能寒天,13073432517,男,28,定怀峰
鄂翠萱,12204606986,女,79,定怀峰
牛恨天,15857177157,女,35,石中
张娴淑,15559693990,男,29,定怀峰
常妍玲,15412165109,女,67,石中
马梦丽,15467419525,男,37,山城江
孔昕靓,11855412905,男,61,山城江
弓玉环,17920725028,男,63,定怀峰
优柔,13342844394,男,40,浦龙观
紫芳,12333812855,女,40,平岛罗
桂嘉,15005788165,女,26,平岛罗
柔沛,13657521001,男,42,港头郡
可舒,12541391095,男,29,平岛罗
静菲,16368817610,男,36,港头郡
雯雯,16207406076,男,32,浦龙观
桂雯,16082300506,女,30,港头郡
歆彤,14159543301,女,30,平岛罗
岚彦,12274122848,男,27,港头郡
颖琛,17032464445,男,27,浦龙观
依华,15191414712,男,28,灵安
优钰,18264275931,男,50,港头郡
珍春,16428159513,男,47,港头郡
娅函,17511844369,男,20,石中
妍柏,15710534864,男,22,灵安
玲欢,18667849214,女,57,港头郡
慧芙,12818407316,男,58,平岛罗
芙彩,18170173848,男,23,灵安
珍妍,14256832325,男,25,灵安
彬彩,14634236140,女,23,石中
岚楠,13196534966,女,45,灵安
杉雅,14614672555,女,22,石中
梦妍,17255908528,男,37,石中
雨妮,13500805951,女,55,平岛罗
琪寒,17892936806,女,32,定怀峰
璐俊,13179624229,女,52,灵安
雯惠,11308511375,男,35,浦龙观
雅茜,13242839449,男,57,定怀峰
珊鸿,14052707798,男,49,港头郡
桃灵,12095786761,男,29,浦龙观
欢嘉,13463501635,男,50,港头郡
莲橘,17582529422,男,46,定怀峰
雯欣,13278535901,男,56,灵安
鹤琬,18008233609,男,47,定怀峰
昕馨,13239294499,男,25,平岛罗
云珊,13954345178,男,60,石中
欢丽,14167407178,女,37,石中
寒香,14833764508,女,37,浦龙观
鸿琬,14317792452,男,21,港头郡
琬薇,11318254860,女,47,港头郡
颖彩,18013604021,女,48,浦龙观
娜柏,13080328915,女,37,港头郡
帛芝,12076756460,女,38,定怀峰
韵桃,18262857790,男,54,浦龙观
依莉,16137479792,女,48,平岛罗
芝萱,15148101578,女,25,平岛罗
彩婧,18717678027,男,59,港头郡
沛琬,13292732495,男,37,平岛罗
诗紫,14205619195,女,59,港头郡
春花,12042297010,女,45,浦龙观
柏梅,16894805399,女,47,港头郡
琳家,16085381647,男,32,平岛罗
可玲 ,12406466673,女,55,港头郡
阳洁,14419606534,男,51,浦龙观
莲俊,16967001625,男,29,灵安
舒欣,13042386805,男,21,港头郡
明瑶,13068495102,男,30,港头郡
馨诗,11178423386,男,22,石中
楠雨,12453553092,男,48,灵安
洲娜,14996912724,男,30,港头郡
晨月,14820903804,男,39,平岛罗
妍萱,12524993111,男,42,灵安
露芳,18646797904,女,39,灵安
蔚琳,16607416195,女,58,石中
雨彤,13667619407,女,50,灵安
克洁,15570494357,女,50,石中
栀淑,15889618692,男,60,石中
茹怡,14277333873,男,25,平岛罗
昕优,12839877257,男,35,定怀峰
璇娜,12903322156,女,38,灵安
依璟,18565280671,男,39,浦龙观
露珊,11287459831,女,21,定怀峰
弦怡,11735755519,女,27,港头郡
采帆,18132009296,男,35,浦龙观
雪娜,13839049763,男,32,港头郡
珠文,17801231967,女,41,定怀峰
柔怡,11720208704,女,57,灵安
香珠,15060871899,男,48,定怀峰
茹梦,11357584793,男,35,平岛罗
桂桐,17123452162,男,55,石中
霞锦,11216465580,女,41,石中
钰柔,16400186536,女,59,浦龙观
媛岚,16771534575,女,50,港头郡
婧雯,18162675733,女,43,港头郡
华淑,15575270809,男,26,浦龙观
鹤紫,12126240518,女,28,港头郡
灵洁,12187604679,男,35,定怀峰
惠柔,14224043356,女,23,灵安
蕾鑫,11434143978,女,26,浦龙观
旭岚,11919142625,女,33,定怀峰
鑫丽,16078362093,女,42,港头郡
云欣,11750253175,男,49,浦龙观
碧雨,14218199728,女,52,港头郡
雯鑫,18281610746,女,44,定怀峰
香栀,13566279947,男,26,灵安
曼静,14503296125,女,59,定怀峰
碧敏,14248828072,男,26,平岛罗
霞妮,11816193731,男,33,石中
雨妍,16498262261,男,48,石中
玲月,17358501341,男,42,浦龙观
春惠,12830752614,女,51,港头郡
芝雅,12240576483,女,54,港头郡
妮彤,14513806201,男,45,浦龙观
帆桃,13897182784,男,31,港头郡
钰春,15662812580,男,33,定怀峰
颖蕾,14903780246,男,40,浦龙观
香明,12051239500,女,36,平岛罗
曼玉,17727994436,女,59,平岛罗
晨莉,14890167734,男,23,港头郡
菡凡,17054771448,男,29,平岛罗
文蕾,18479673664,男,36,港头郡
瑶诗,18210364552,男,49,浦龙观
茜晨,12235155822,男,32,港头郡
帆婧,14664688405,男,51,平岛罗
妍梅,17113407818,男,29,港头郡
曼弦,11447030159,女,32,浦龙观
璐嘉,12752205847,男,58,灵安
媛沛,13628419808,男,54,港头郡
雪馨,13854764695,男,42,港头郡
娅惠,12576525051,女,33,石中
婷媛,12507452298,女,59,灵安
心洁,11428274237,女,48,港头郡
馨凡,14845588039,男,27,平岛罗
涵婷,18000151681,女,22,灵安
嘉灵,13397215684,女,57,灵安
媛梦,15352126896,女,51,石中
梓芳,16215129523,男,54,灵安
钰玉,16719565413,男,52,石中
曦美,18487722126,男,28,石中
花鑫,12620424415,男,38,灵安
诗岚,15047151939,男,32,浦龙观
春橘,14428870248,男,41,定怀峰
薇橘,12425525241,男,36,港头郡
柔婧,12870936687,男,46,浦龙观
锦岚,11732385695,男,40,港头郡
橘梓,15432780728,男,46,定怀峰
惠碧,16426798035,女,40,灵安
灵格,18178087939,女,43,定怀峰
栀妍,16930703739,男,29,平岛罗
冬菡,15119374979,女,29,石中
怡敏,15446738847,女,56,石中
柏珊,11185503186,女,43,浦龙观
莉蕾,17080489982,女,49,港头郡
华涵,11639896781,男,42,港头郡
柔菡,11116747392,女,28,浦龙观
茹琪,15376380221,女,30,港头郡
婷玉,15467797002,男,41,定怀峰
璐帛,13271688415,男,45,浦龙观
茜函,14530578824,女,45,平岛罗
媛慧,12016626377,女,59,平岛罗
倩婷,13069161900,女,33,港头郡
怡鸿,15692924582,男,21,平岛罗
柔华,17832416244,女,46,港头郡
静露,18210435783,男,53,浦龙观
楠杉,16620410430,男,28,港头郡
梦锦,11379666261,男,24,平岛罗
橘月,15473474371,男,25,港头郡
韵月,11957037891,男,39,浦龙观
灵弦,13581906504,男,39,灵安
倩芝,18027138244,男,59,港头郡
函瑶,18334543555,男,25,港头郡
璇嘉,15426529816,男,50,石中
淑珠,18523322539,女,22,灵安
菡正,11171846643,女,29,港头郡
阳柔,15543476728,女,32,平岛罗
优雨,13306581707,女,45,灵安
雨凌,16128206866,男,32,灵安
云芙,17009316574,男,30,石中
芝玥,14665134005,男,41,灵安
洁鑫,16312610821,女,59,石中
璐采,15693440567,男,25,石中
芳昭,11198796254,女,50,石中
馨花,15004500536,女,44,石中
彩妍,12498873158,男,49,灵安
雅帆,17986523168,男,32,浦龙观
梅春,17959950808,女,36,定怀峰
洁灵,17799064099,女,29,港头郡
娅莉,15419687329,男,21,浦龙观
琬蔚,15327512574,男,22,港头郡
雅依,11524478301,男,40,定怀峰
惠优,13706892208,女,35,灵安
鸿娅,14900877636,女,41,定怀峰
芳颖,12388923753,女,58,平岛罗
栀洁,16025719109,女,55,石中
祥茹,17980257207,男,46,石中
媛楠,11520100284,女,41,浦龙观
楠花,17202860206,男,21,港头郡
蕾蕾,17995885583,女,53,港头郡
雯弦,16686704173,女,29,浦龙观
明漫,13986345329,女,51,港头郡
阳怡,15455664844,女,23,定怀峰
漫琳,16734249601,男,43,浦龙观
文莉,12435947928,女,51,平岛罗
橘昕,15765762929,女,54,平岛罗
花帛,13261682931,男,55,港头郡
楠芙,13905242614,女,58,平岛罗
璐栀,16247331523,男,23,港头郡
弦淑,17485987283,男,21,浦龙观
颖璟,16066259432,男,47,港头郡
依栀,15885095037,男,45,平岛罗
琪璟,12263167267,女,53,港头郡
呈琬,14605865230,女,26,浦龙观
欢彦,17739354632,男,44,灵安
丽欣,13460082428,男,49,港头郡
美阳,17703763741,男,21,港头郡
枫芸,16270095736,男,34,石中
珍颖,18715158412,女,55,灵安
婷优,12703140896,女,60,港头郡
彤娜,12148241668,男,44,平岛罗
惠函,16284244414,男,34,石中
婧采  ,13370656351,男,24,石中
良锟,13632975413,男,40,灵安
吉俊,13043865913,男,52,浦龙观
材祯,11973064473,男,54,定怀峰
翰峰,12685457960,男,44,港头郡
峰文,11798334677,女,39,浦龙观
允中,14468993577,男,47,港头郡
卓材,15756374779,男,28,定怀峰
祜信,12771174975,男,48,灵安
乘权,14457188146,女,40,定怀峰
阳强,11364920393,女,44,平岛罗
颜子,17396325030,女,23,石中
晖胤,16570848687,男,41,石中
驰坤,16506635255,女,28,浦龙观
梁韦,13186844532,女,43,港头郡
宇钊,12416360182,女,51,港头郡
年翰,11758825378,男,40,浦龙观
延槐,17215050305,男,47,港头郡
峰阳,16249507347,男,40,定怀峰
然祥,17010420377,男,40,浦龙观
材辰,12319000750,男,25,平岛罗
谛振,17770891233,男,42,平岛罗
安宇,14981371759,男,59,港头郡
锐龙,12447776231,男,30,平岛罗
睿海,13331978708,男,37,港头郡
祜琛,14716635659,男,28,浦龙观
然铭,12672308876,女,28,港头郡
成中,13245021759,女,32,平岛罗
强辰,14394949050,男,43,港头郡
鸿震,15553991708,女,32,浦龙观
潍勇,17452196635,女,36,灵安
振林,17107031115,女,58,港头郡
骏浩,11515930237,女,23,港头郡
诚凡,14008803710,男,20,石中
逸华,16308928067,女,44,灵安
林帝,13345832824,女,31,港头郡
桓家,11718750332,男,50,平岛罗
欣年,11705474923,男,30,石中
杰桓,14703607647,女,25,石中
梁星,15586572970,女,20,灵安
勇允,16588626454,女,53,浦龙观
家中,12068105478,男,22,定怀峰
帆畅,15947099045,女,28,港头郡
寅涛,13365013178,男,50,浦龙观
谷升,13884945221,男,32,港头郡
钊尧,13760990073,男,22,定怀峰
槐佑,15899688266,男,25,灵安
鹤盛,14268476328,男,31,定怀峰
弘荣,15365697146,男,55,平岛罗
潍轩,17490452039,男,44,石中
斌芃,11812031145,男,46,石中
皓欣,11049086006,男,21,浦龙观
锟辞,14300857447,女,49,港头郡
伟腾,15207529740,女,26,港头郡
祥谛,14709890495,女,55,浦龙观
安年,13699315106,女,59,港头郡
欣禧,18651340007,男,47,定怀峰
贤骞,14537542821,男,55,浦龙观
沛彬,17454095571,男,30,平岛罗
震龙,15522520879,女,55,平岛罗
驰弘,18757246539,男,26,港头郡
卓平,18133670425,女,26,平岛罗
梓鸿,11557135614,女,58,港头郡
延盛,13841907958,男,21,浦龙观
鹏浩,13463005188,男,47,港头郡
濡弘,18051498939,女,27,平岛罗
康帆,13555100084,女,28,港头郡
胤震,17746206821,男,53,浦龙观
鹏俊,15243298775,男,43,灵安
强允,14526329410,男,43,港头郡
槐炳,15544128335,女,56,港头郡
峰澄,14912844683,女,43,石中
锟荣,16119678083,女,45,灵安
盛信,18339908557,女,41,港头郡
柏德,12395453988,男,27,平岛罗
天辞,12637523392,女,40,浦龙观
枫然,14475565963,男,40,山城江
谛泽,14905815788,女,45,山城江
权蔓,18700838089,女,39,平岛罗
然子,13645629352,女,26,港头郡
运裕,15688305801,女,35,浦龙观
辰芃,13134511779,男,41,平岛罗
峰华,16392799594,女,30,港头郡
辰福,11505708845,女,48,平岛罗
锦柏,16557472731,男,26,山城江
峰帆,12618627240,女,27,浦龙观
康琛,11586971157,男,52,山城江
锋谛,14944501292,男,55,山城江
邦嘉,13683356160,男,32,平岛罗
诚轩,12439218376,男,35,山城江
凯晖,13221736668,女,43,浦龙观
伟帝,12267116671,女,29,平岛罗
宇家,18089945605,男,26,平岛罗
涛成,16847385224,男,47,港头郡
文星,14016978164,男,56,平岛罗
濡材,13156620138,男,57,港头郡
辰奇,15412580535,女,38,浦龙观
允凡,15583205610,女,52,港头郡
锋勇,15762922215,男,42,平岛罗
斌涛,16603253946,男,21,港头郡
鹤琛,17283418564,男,46,浦龙观
锋梓,16803917660,男,45,灵安
强俊,17716480218,男,41,港头郡
年喆,18145316810,男,52,港头郡
运弘,12058858389,男,59,石中
博杞,17859840519,女,27,灵安
伟睿,14240686009,男,27,港头郡
阳泽,13054724192,男,53,平岛罗
平骞,18472603942,男,27,灵安
祯梓,13011559768,女,38,灵安
升子,13622919326,女,37,石中
日博,15838255645,女,47,灵安
裕起,15302784434,男,53,石中
锐锋,18245572625,女,24,石中
锐德,15960855015,女,51,平岛罗
翰晨,17179444720,女,22,定怀峰
然龙,11541672665,男,22,灵安
延邦,17008043426,男,37,浦龙观
勇凡,17510420929,男,26,定怀峰
谛良,12924578620,男,30,港头郡
子杞,14141547307,男,40,浦龙观
材梁,16229565014,男,30,港头郡
佳伟,11682688876,男,51,定怀峰
侠佑,16691007983,男,49,浦龙观
荣胤,18787589908,男,23,山城江
良起,16567086588,男,44,山城江
林远,17369538906,女,39,平岛罗
仕文,17254635195,女,32,港头郡
仕子,15080403011,男,25,浦龙观
鑫祜,15916540799,女,32,平岛罗
材尧,11223262302,女,29,港头郡
凡桓,12550459295,女,46,平岛罗
辰晓,12291128192,女,55,山城江
祯帆,13686446850,男,30,浦龙观
炳恒,16147954268,女,37,山城江
腾凡,12263997467,女,59,山城江
康辰,15839594989,男,37,平岛罗
凡晓,11393275512,男,44,山城江
盛翱,11449502052,女,44,浦龙观
槐坤,14845669638,女,59,平岛罗
楷彬,12278967040,女,38,平岛罗
帆斌,18689453467,男,36,港头郡
瑞锋,13594591162,女,42,平岛罗
寅加,17278983886,男,33,港头郡
鹤欣,18586297703,男,53,浦龙观
荣诚,17795261387,男,38,港头郡
鑫晖,15987305098,男,59,平岛罗
谛凡,11871163738,男,42,港头郡
华浩,18494641359,男,37,浦龙观
林胤,11917259245,男,49,灵安
子烁,15510881635,男,24,港头郡
平华,15835715105,男,47,港头郡
天腾,15020724166,女,42,石中
芃谷,18498468988,女,51,灵安
嘉仕,17236084955,女,22,港头郡
权逸,16610284718,女,56,平岛罗
骏柏,17760707842,男,33,灵安
加畅,15711036553,男,56,灵安
勇峰,16658650346,男,49,石中
勇震,14594682482,女,56,灵安
尧成,14706085119,男,26,石中
栋驰,11756417270,女,21,石中
帝涛,15536717544,女,57,平岛罗
允帆,18115589208,男,26,定怀峰
裕平,15545237313,男,34,灵安
浩然,14870615586,女,59,浦龙观
祥海,17742317161,女,48,定怀峰
谛斌,18428108401,男,50,港头郡
鹏盛,12416711559,男,29,浦龙观
晖福,14641167698,男,40,港头郡
瑞天,11522765363,女,48,定怀峰
阳礼,17550896547,女,23,浦龙观
博禄,14356121299,女,22,山城江
林琛,15864728988,女,40,山城江
炳暄,12288348983,男,48,平岛罗
信华,17031746154,女,21,港头郡
佳骏,13797271050,男,40,浦龙观
帆晖,12440580873,女,29,平岛罗
凡文,11734975307,女,56,港头郡
翱龙,18364147106,女,32,平岛罗
天弘,12685538238,女,36,山城江
谷帝,12320982251,男,38,浦龙观
钊桓,15892002263,女,26,山城江
胤翰,16973061510,女,57,山城江
谷郁,14789486952,男,44,平岛罗
平震,15797680498,女,35,山城江
延皓,16386877436,男,57,浦龙观
睿天,16042504906,男,37,平岛罗
杞日,17720440544,男,26,平岛罗